2022-9-27 20:54:31,a798170aaa13,hadoop-slave3.1.o6fokpy3l7883z3l1fbvwm04n,0.70%,20.74,/,125.5GiB,16.53%,2.54TB,/,2.4TB,251GB,/,116GB,406
2022-09-27 20:54:32,a798170aaa13,hadoop-slave3.1.o6fokpy3l7883z3l1fbvwm04n,0.75%,20.74,/,125.5GiB,16.53%,2.54TB,/,2.4TB,251GB,/,116GB,406
2022-9-27 20:54:33,a798170aaa13,hadoop-slave3.1.o6fokpy3l7883z3l1fbvwm04n,0.80%,20.74,/,125.5GiB,16.53%,2.54TB,/,2.4TB,251GB,/,116GB,406
2022-09-27 20:54:34,a798170aaa13,hadoop-slave3.1.o6fokpy3l7883z3l1fbvwm04n,0.81%,20.74,/,125.5GiB,16.53%,2.54TB,/,2.4TB,251GB,/,116GB,406
2022-9-27 20:54:35,a798170aaa13,hadoop-slave3.1.o6fokpy3l7883z3l1fbvwm04n,0.81%,20.74,/,125.5GiB,16.53%,2.54TB,/,2.4TB,251GB,/,116GB,405
2022-09-27 20:54:36,a798170aaa13,hadoop-slave3.1.o6fokpy3l7883z3l1fbvwm04n,0.79%,20.74,/,125.5GiB,16.53%,2.54TB,/,2.4TB,251GB,/,116GB,405
2022-9-27 20:54:37,a798170aaa13,hadoop-slave3.1.o6fokpy3l7883z3l1fbvwm04n,0.76%,20.74,/,125.5GiB,16.53%,2.54TB,/,2.4TB,251GB,/,116GB,405
2022-09-27 20:54:38,a798170aaa13,hadoop-slave3.1.o6fokpy3l7883z3l1fbvwm04n,0.77%,20.74,/,125.5GiB,16.53%,2.54TB,/,2.4TB,251GB,/,116GB,405
2022-9-27 20:54:39,a798170aaa13,hadoop-slave3.1.o6fokpy3l7883z3l1fbvwm04n,0.77%,20.74,/,125.5GiB,16.53%,2.54TB,/,2.4TB,251GB,/,116GB,405
2022-09-27 20:54:40,a798170aaa13,hadoop-slave3.1.o6fokpy3l7883z3l1fbvwm04n,0.74%,20.74,/,125.5GiB,16.53%,2.54TB,/,2.4TB,251GB,/,116GB,405
2022-9-27 20:54:41,a798170aaa13,hadoop-slave3.1.o6fokpy3l7883z3l1fbvwm04n,0.71%,20.74,/,125.5GiB,16.53%,2.54TB,/,2.4TB,251GB,/,116GB,405
2022-09-27 20:54:42,a798170aaa13,hadoop-slave3.1.o6fokpy3l7883z3l1fbvwm04n,14.06%,20.74,/,125.5GiB,16.53%,2.54TB,/,2.4TB,251GB,/,116GB,405
2022-9-27 20:54:43,a798170aaa13,hadoop-slave3.1.o6fokpy3l7883z3l1fbvwm04n,27.41%,20.74,/,125.5GiB,16.53%,2.54TB,/,2.4TB,251GB,/,116GB,411
2022-09-27 20:54:44,a798170aaa13,hadoop-slave3.1.o6fokpy3l7883z3l1fbvwm04n,28.06%,20.74,/,125.5GiB,16.53%,2.54TB,/,2.4TB,251GB,/,116GB,411
2022-9-27 20:54:45,a798170aaa13,hadoop-slave3.1.o6fokpy3l7883z3l1fbvwm04n,28.71%,20.74,/,125.5GiB,16.53%,2.54TB,/,2.4TB,251GB,/,116GB,411
2022-09-27 20:54:46,a798170aaa13,hadoop-slave3.1.o6fokpy3l7883z3l1fbvwm04n,30.12%,20.74,/,125.5GiB,16.53%,2.54TB,/,2.4TB,251GB,/,116GB,411
2022-9-27 20:54:47,a798170aaa13,hadoop-slave3.1.o6fokpy3l7883z3l1fbvwm04n,31.52%,20.74,/,125.5GiB,16.53%,2.54TB,/,2.4TB,251GB,/,116GB,411
2022-09-27 20:54:48,a798170aaa13,hadoop-slave3.1.o6fokpy3l7883z3l1fbvwm04n,30.12%,20.74,/,125.5GiB,16.53%,2.54TB,/,2.4TB,251GB,/,116GB,411
2022-9-27 20:54:49,a798170aaa13,hadoop-slave3.1.o6fokpy3l7883z3l1fbvwm04n,28.72%,20.74,/,125.5GiB,16.53%,2.54TB,/,2.4TB,251GB,/,116GB,411
2022-09-27 20:54:50,a798170aaa13,hadoop-slave3.1.o6fokpy3l7883z3l1fbvwm04n,100.03%,20.74,/,125.5GiB,16.55%,2.54TB,/,2.4TB,251GB,/,116GB,411
2022-9-27 20:54:51,a798170aaa13,hadoop-slave3.1.o6fokpy3l7883z3l1fbvwm04n,171.33%,20.81,/,125.5GiB,16.58%,2.54TB,/,2.4TB,251GB,/,116GB,470
2022-09-27 20:54:52,a798170aaa13,hadoop-slave3.1.o6fokpy3l7883z3l1fbvwm04n,251.9%,20.81,/,125.5GiB,16.72%,2.54TB,/,2.4TB,251GB,/,116GB,470
2022-9-27 20:54:53,a798170aaa13,hadoop-slave3.1.o6fokpy3l7883z3l1fbvwm04n,332.47%,21.16,/,125.5GiB,16.86%,2.54TB,/,2.4TB,251GB,/,116GB,489
2022-09-27 20:54:54,a798170aaa13,hadoop-slave3.1.o6fokpy3l7883z3l1fbvwm04n,167.1%,21.16,/,125.5GiB,16.86%,2.54TB,/,2.4TB,251GB,/,116GB,489
2022-9-27 20:54:55,a798170aaa13,hadoop-slave3.1.o6fokpy3l7883z3l1fbvwm04n,1.72%,21.17,/,125.5GiB,16.86%,2.54TB,/,2.4TB,251GB,/,116GB,481
2022-09-27 20:54:56,a798170aaa13,hadoop-slave3.1.o6fokpy3l7883z3l1fbvwm04n,6.01%,21.17,/,125.5GiB,16.8%,2.54TB,/,2.4TB,251GB,/,116GB,481
2022-9-27 20:54:57,a798170aaa13,hadoop-slave3.1.o6fokpy3l7883z3l1fbvwm04n,10.30%,21.01,/,125.5GiB,16.74%,2.54TB,/,2.4TB,251GB,/,116GB,481
2022-09-27 20:54:58,a798170aaa13,hadoop-slave3.1.o6fokpy3l7883z3l1fbvwm04n,5.53%,21.01,/,125.5GiB,16.74%,2.54TB,/,2.4TB,251GB,/,116GB,481
2022-9-27 20:54:59,a798170aaa13,hadoop-slave3.1.o6fokpy3l7883z3l1fbvwm04n,0.75%,21.01,/,125.5GiB,16.74%,2.54TB,/,2.4TB,251GB,/,116GB,481
2022-09-27 20:55:00,a798170aaa13,hadoop-slave3.1.o6fokpy3l7883z3l1fbvwm04n,0.78%,21.01,/,125.5GiB,16.74%,2.54TB,/,2.4TB,251GB,/,116GB,481
2022-9-27 20:55:01,a798170aaa13,hadoop-slave3.1.o6fokpy3l7883z3l1fbvwm04n,0.82%,21.01,/,125.5GiB,16.74%,2.54TB,/,2.4TB,251GB,/,116GB,480
2022-09-27 20:55:02,a798170aaa13,hadoop-slave3.1.o6fokpy3l7883z3l1fbvwm04n,37.31%,21.01,/,125.5GiB,16.76%,2.54TB,/,2.4TB,251GB,/,116GB,480
2022-9-27 20:55:03,a798170aaa13,hadoop-slave3.1.o6fokpy3l7883z3l1fbvwm04n,73.81%,21.05,/,125.5GiB,16.78%,2.54TB,/,2.4TB,251GB,/,116GB,483
2022-09-27 20:55:04,a798170aaa13,hadoop-slave3.1.o6fokpy3l7883z3l1fbvwm04n,49.67%,21.05,/,125.5GiB,16.88%,2.54TB,/,2.4TB,251GB,/,116GB,483
2022-9-27 20:55:05,a798170aaa13,hadoop-slave3.1.o6fokpy3l7883z3l1fbvwm04n,25.54%,21.32,/,125.5GiB,16.99%,2.54TB,/,2.4TB,251GB,/,116GB,483
2022-09-27 20:55:06,a798170aaa13,hadoop-slave3.1.o6fokpy3l7883z3l1fbvwm04n,13.18%,21.32,/,125.5GiB,16.99%,2.54TB,/,2.4TB,251GB,/,116GB,483
2022-9-27 20:55:07,a798170aaa13,hadoop-slave3.1.o6fokpy3l7883z3l1fbvwm04n,0.82%,21.32,/,125.5GiB,16.99%,2.54TB,/,2.4TB,251GB,/,116GB,486
2022-09-27 20:55:08,a798170aaa13,hadoop-slave3.1.o6fokpy3l7883z3l1fbvwm04n,1.81%,21.32,/,125.5GiB,16.71%,2.54TB,/,2.4TB,251GB,/,116GB,486
2022-9-27 20:55:09,a798170aaa13,hadoop-slave3.1.o6fokpy3l7883z3l1fbvwm04n,2.80%,20.63,/,125.5GiB,16.44%,2.54TB,/,2.4TB,251GB,/,116GB,407
2022-09-27 20:55:10,a798170aaa13,hadoop-slave3.1.o6fokpy3l7883z3l1fbvwm04n,1.75%,20.63,/,125.5GiB,16.44%,2.54TB,/,2.4TB,251GB,/,116GB,407
2022-09-27 20:55:11,a798170aaa13,hadoop-slave3.1.o6fokpy3l7883z3l1fbvwm04n,1.75%,20.63,/,125.5GiB,16.44%,2.54TB,/,2.4TB,251GB,/,116GB,407
2022-9-27 20:55:12,a798170aaa13,hadoop-slave3.1.o6fokpy3l7883z3l1fbvwm04n,0.71%,20.63,/,125.5GiB,16.44%,2.54TB,/,2.4TB,251GB,/,116GB,407
2022-09-27 20:55:13,a798170aaa13,hadoop-slave3.1.o6fokpy3l7883z3l1fbvwm04n,0.7%,20.63,/,125.5GiB,16.44%,2.54TB,/,2.4TB,251GB,/,116GB,407
2022-9-27 20:55:14,a798170aaa13,hadoop-slave3.1.o6fokpy3l7883z3l1fbvwm04n,0.70%,20.63,/,125.5GiB,16.44%,2.54TB,/,2.4TB,251GB,/,116GB,407
2022-09-27 20:55:15,a798170aaa13,hadoop-slave3.1.o6fokpy3l7883z3l1fbvwm04n,0.76%,20.63,/,125.5GiB,16.44%,2.54TB,/,2.4TB,251GB,/,116GB,407
2022-9-27 20:55:16,a798170aaa13,hadoop-slave3.1.o6fokpy3l7883z3l1fbvwm04n,0.81%,20.63,/,125.5GiB,16.44%,2.54TB,/,2.4TB,251GB,/,116GB,407
2022-09-27 20:55:17,a798170aaa13,hadoop-slave3.1.o6fokpy3l7883z3l1fbvwm04n,0.81%,20.63,/,125.5GiB,16.44%,2.54TB,/,2.4TB,251GB,/,116GB,407
2022-9-27 20:55:18,a798170aaa13,hadoop-slave3.1.o6fokpy3l7883z3l1fbvwm04n,0.82%,20.63,/,125.5GiB,16.44%,2.54TB,/,2.4TB,251GB,/,116GB,407
2022-09-27 20:55:19,a798170aaa13,hadoop-slave3.1.o6fokpy3l7883z3l1fbvwm04n,0.78%,20.63,/,125.5GiB,16.44%,2.54TB,/,2.4TB,251GB,/,116GB,407
2022-9-27 20:55:20,a798170aaa13,hadoop-slave3.1.o6fokpy3l7883z3l1fbvwm04n,0.75%,20.63,/,125.5GiB,16.44%,2.54TB,/,2.4TB,251GB,/,116GB,406
2022-09-27 20:55:21,a798170aaa13,hadoop-slave3.1.o6fokpy3l7883z3l1fbvwm04n,0.72%,20.63,/,125.5GiB,16.44%,2.54TB,/,2.4TB,251GB,/,116GB,406
2022-9-27 20:55:22,a798170aaa13,hadoop-slave3.1.o6fokpy3l7883z3l1fbvwm04n,0.70%,20.63,/,125.5GiB,16.44%,2.54TB,/,2.4TB,251GB,/,116GB,406
2022-09-27 20:55:23,a798170aaa13,hadoop-slave3.1.o6fokpy3l7883z3l1fbvwm04n,0.73%,20.63,/,125.5GiB,16.44%,2.54TB,/,2.4TB,251GB,/,116GB,406
2022-9-27 20:55:24,a798170aaa13,hadoop-slave3.1.o6fokpy3l7883z3l1fbvwm04n,0.76%,20.63,/,125.5GiB,16.44%,2.54TB,/,2.4TB,251GB,/,116GB,404
2022-09-27 20:55:25,a798170aaa13,hadoop-slave3.1.o6fokpy3l7883z3l1fbvwm04n,0.75%,20.63,/,125.5GiB,16.44%,2.54TB,/,2.4TB,251GB,/,116GB,404
2022-9-27 20:55:26,a798170aaa13,hadoop-slave3.1.o6fokpy3l7883z3l1fbvwm04n,0.74%,20.63,/,125.5GiB,16.44%,2.54TB,/,2.4TB,251GB,/,116GB,403
2022-09-27 20:55:27,a798170aaa13,hadoop-slave3.1.o6fokpy3l7883z3l1fbvwm04n,0.75%,20.63,/,125.5GiB,16.44%,2.54TB,/,2.4TB,251GB,/,116GB,403
2022-9-27 20:55:28,a798170aaa13,hadoop-slave3.1.o6fokpy3l7883z3l1fbvwm04n,0.76%,20.63,/,125.5GiB,16.44%,2.54TB,/,2.4TB,251GB,/,116GB,403
2022-09-27 20:55:29,a798170aaa13,hadoop-slave3.1.o6fokpy3l7883z3l1fbvwm04n,0.79%,20.63,/,125.5GiB,16.44%,2.54TB,/,2.4TB,251GB,/,116GB,403
2022-9-27 20:55:30,a798170aaa13,hadoop-slave3.1.o6fokpy3l7883z3l1fbvwm04n,0.82%,20.63,/,125.5GiB,16.44%,2.54TB,/,2.4TB,251GB,/,116GB,402
2022-09-27 20:55:31,a798170aaa13,hadoop-slave3.1.o6fokpy3l7883z3l1fbvwm04n,0.75%,20.63,/,125.5GiB,16.44%,2.54TB,/,2.4TB,251GB,/,116GB,402
2022-9-27 20:55:32,a798170aaa13,hadoop-slave3.1.o6fokpy3l7883z3l1fbvwm04n,0.69%,20.63,/,125.5GiB,16.44%,2.54TB,/,2.4TB,251GB,/,116GB,402
2022-09-27 20:55:33,a798170aaa13,hadoop-slave3.1.o6fokpy3l7883z3l1fbvwm04n,0.7%,20.63,/,125.5GiB,16.44%,2.54TB,/,2.4TB,251GB,/,116GB,402
2022-9-27 20:55:34,a798170aaa13,hadoop-slave3.1.o6fokpy3l7883z3l1fbvwm04n,0.71%,20.63,/,125.5GiB,16.44%,2.54TB,/,2.4TB,251GB,/,116GB,402
2022-09-27 20:55:35,a798170aaa13,hadoop-slave3.1.o6fokpy3l7883z3l1fbvwm04n,0.76%,20.63,/,125.5GiB,16.44%,2.54TB,/,2.4TB,251GB,/,116GB,402
2022-9-27 20:55:36,a798170aaa13,hadoop-slave3.1.o6fokpy3l7883z3l1fbvwm04n,0.80%,20.63,/,125.5GiB,16.44%,2.54TB,/,2.4TB,251GB,/,116GB,402
2022-09-27 20:55:37,a798170aaa13,hadoop-slave3.1.o6fokpy3l7883z3l1fbvwm04n,0.77%,20.63,/,125.5GiB,16.44%,2.54TB,/,2.4TB,251GB,/,116GB,402
2022-9-27 20:55:38,a798170aaa13,hadoop-slave3.1.o6fokpy3l7883z3l1fbvwm04n,0.74%,20.63,/,125.5GiB,16.44%,2.54TB,/,2.4TB,251GB,/,116GB,402
2022-09-27 20:55:39,a798170aaa13,hadoop-slave3.1.o6fokpy3l7883z3l1fbvwm04n,0.72%,20.63,/,125.5GiB,16.44%,2.54TB,/,2.4TB,251GB,/,116GB,402
2022-9-27 20:55:40,a798170aaa13,hadoop-slave3.1.o6fokpy3l7883z3l1fbvwm04n,0.70%,20.63,/,125.5GiB,16.44%,2.54TB,/,2.4TB,251GB,/,116GB,402
2022-09-27 20:55:41,a798170aaa13,hadoop-slave3.1.o6fokpy3l7883z3l1fbvwm04n,0.73%,20.63,/,125.5GiB,16.44%,2.54TB,/,2.4TB,251GB,/,116GB,402
2022-9-27 20:55:42,a798170aaa13,hadoop-slave3.1.o6fokpy3l7883z3l1fbvwm04n,0.77%,20.63,/,125.5GiB,16.44%,2.54TB,/,2.4TB,251GB,/,116GB,402
2022-09-27 20:55:43,a798170aaa13,hadoop-slave3.1.o6fokpy3l7883z3l1fbvwm04n,0.73%,20.63,/,125.5GiB,16.44%,2.54TB,/,2.4TB,251GB,/,116GB,402
2022-9-27 20:55:44,a798170aaa13,hadoop-slave3.1.o6fokpy3l7883z3l1fbvwm04n,0.70%,20.63,/,125.5GiB,16.44%,2.54TB,/,2.4TB,251GB,/,116GB,402
2022-09-27 20:55:45,a798170aaa13,hadoop-slave3.1.o6fokpy3l7883z3l1fbvwm04n,0.73%,20.63,/,125.5GiB,16.44%,2.54TB,/,2.4TB,251GB,/,116GB,402
2022-9-27 20:55:46,a798170aaa13,hadoop-slave3.1.o6fokpy3l7883z3l1fbvwm04n,0.76%,20.63,/,125.5GiB,16.44%,2.54TB,/,2.4TB,251GB,/,116GB,402
2022-09-27 20:55:47,a798170aaa13,hadoop-slave3.1.o6fokpy3l7883z3l1fbvwm04n,0.78%,20.63,/,125.5GiB,16.44%,2.54TB,/,2.4TB,251GB,/,116GB,402
2022-9-27 20:55:48,a798170aaa13,hadoop-slave3.1.o6fokpy3l7883z3l1fbvwm04n,0.80%,20.63,/,125.5GiB,16.44%,2.54TB,/,2.4TB,251GB,/,116GB,402
2022-09-27 20:55:49,a798170aaa13,hadoop-slave3.1.o6fokpy3l7883z3l1fbvwm04n,0.75%,20.63,/,125.5GiB,16.44%,2.54TB,/,2.4TB,251GB,/,116GB,402
2022-9-27 20:55:50,a798170aaa13,hadoop-slave3.1.o6fokpy3l7883z3l1fbvwm04n,0.70%,20.63,/,125.5GiB,16.44%,2.54TB,/,2.4TB,251GB,/,116GB,402
2022-09-27 20:55:51,a798170aaa13,hadoop-slave3.1.o6fokpy3l7883z3l1fbvwm04n,0.71%,20.63,/,125.5GiB,16.44%,2.54TB,/,2.4TB,251GB,/,116GB,402
2022-9-27 20:55:52,a798170aaa13,hadoop-slave3.1.o6fokpy3l7883z3l1fbvwm04n,0.73%,20.63,/,125.5GiB,16.44%,2.54TB,/,2.4TB,251GB,/,116GB,402
2022-09-27 20:55:53,a798170aaa13,hadoop-slave3.1.o6fokpy3l7883z3l1fbvwm04n,0.76%,20.63,/,125.5GiB,16.44%,2.54TB,/,2.4TB,251GB,/,116GB,402
2022-9-27 20:55:54,a798170aaa13,hadoop-slave3.1.o6fokpy3l7883z3l1fbvwm04n,0.79%,20.63,/,125.5GiB,16.44%,2.54TB,/,2.4TB,251GB,/,116GB,402
2022-09-27 20:55:55,a798170aaa13,hadoop-slave3.1.o6fokpy3l7883z3l1fbvwm04n,0.76%,20.63,/,125.5GiB,16.44%,2.54TB,/,2.4TB,251GB,/,116GB,402
2022-9-27 20:55:56,a798170aaa13,hadoop-slave3.1.o6fokpy3l7883z3l1fbvwm04n,0.73%,20.63,/,125.5GiB,16.44%,2.54TB,/,2.4TB,251GB,/,116GB,402
2022-09-27 20:55:57,a798170aaa13,hadoop-slave3.1.o6fokpy3l7883z3l1fbvwm04n,0.74%,20.63,/,125.5GiB,16.44%,2.54TB,/,2.4TB,251GB,/,116GB,402
2022-9-27 20:55:58,a798170aaa13,hadoop-slave3.1.o6fokpy3l7883z3l1fbvwm04n,0.76%,20.63,/,125.5GiB,16.44%,2.54TB,/,2.4TB,251GB,/,116GB,402
2022-09-27 20:55:59,a798170aaa13,hadoop-slave3.1.o6fokpy3l7883z3l1fbvwm04n,0.77%,20.63,/,125.5GiB,16.44%,2.54TB,/,2.4TB,251GB,/,116GB,402
2022-9-27 20:56:00,a798170aaa13,hadoop-slave3.1.o6fokpy3l7883z3l1fbvwm04n,0.77%,20.63,/,125.5GiB,16.44%,2.54TB,/,2.4TB,251GB,/,116GB,402
2022-09-27 20:56:01,a798170aaa13,hadoop-slave3.1.o6fokpy3l7883z3l1fbvwm04n,0.73%,20.63,/,125.5GiB,16.44%,2.54TB,/,2.4TB,251GB,/,116GB,402
2022-9-27 20:56:02,a798170aaa13,hadoop-slave3.1.o6fokpy3l7883z3l1fbvwm04n,0.68%,20.63,/,125.5GiB,16.44%,2.54TB,/,2.4TB,251GB,/,116GB,402
2022-09-27 20:56:03,a798170aaa13,hadoop-slave3.1.o6fokpy3l7883z3l1fbvwm04n,0.69%,20.63,/,125.5GiB,16.44%,2.54TB,/,2.4TB,251GB,/,116GB,402
2022-9-27 20:56:04,a798170aaa13,hadoop-slave3.1.o6fokpy3l7883z3l1fbvwm04n,0.70%,20.63,/,125.5GiB,16.44%,2.54TB,/,2.4TB,251GB,/,116GB,402
2022-09-27 20:56:05,a798170aaa13,hadoop-slave3.1.o6fokpy3l7883z3l1fbvwm04n,0.75%,20.63,/,125.5GiB,16.44%,2.54TB,/,2.4TB,251GB,/,116GB,402
2022-9-27 20:56:06,a798170aaa13,hadoop-slave3.1.o6fokpy3l7883z3l1fbvwm04n,0.80%,20.63,/,125.5GiB,16.44%,2.54TB,/,2.4TB,251GB,/,116GB,402
2022-09-27 20:56:07,a798170aaa13,hadoop-slave3.1.o6fokpy3l7883z3l1fbvwm04n,0.83%,20.63,/,125.5GiB,16.44%,2.54TB,/,2.4TB,251GB,/,116GB,402
2022-9-27 20:56:08,a798170aaa13,hadoop-slave3.1.o6fokpy3l7883z3l1fbvwm04n,0.87%,20.63,/,125.5GiB,16.44%,2.54TB,/,2.4TB,251GB,/,116GB,401
2022-09-27 20:56:09,a798170aaa13,hadoop-slave3.1.o6fokpy3l7883z3l1fbvwm04n,0.88%,20.63,/,125.5GiB,16.44%,2.54TB,/,2.4TB,251GB,/,116GB,401
2022-9-27 20:56:10,a798170aaa13,hadoop-slave3.1.o6fokpy3l7883z3l1fbvwm04n,0.88%,20.63,/,125.5GiB,16.44%,2.54TB,/,2.4TB,251GB,/,116GB,398
2022-09-27 20:56:11,a798170aaa13,hadoop-slave3.1.o6fokpy3l7883z3l1fbvwm04n,0.88%,20.63,/,125.5GiB,16.44%,2.54TB,/,2.4TB,251GB,/,116GB,398
