2022-9-27 16:52:48,249914e78616,hadoop-slave11.1.c5xdurgdndrsr8erese6644d4,0.60%,13,/,125.5GiB,10.36%,107GB,/,98.9GB,22.6GB,/,364MB,301
2022-09-27 16:52:49,249914e78616,hadoop-slave11.1.c5xdurgdndrsr8erese6644d4,0.6%,13,/,125.5GiB,10.36%,107GB,/,98.9GB,22.6GB,/,364MB,301
2022-9-27 16:52:50,249914e78616,hadoop-slave11.1.c5xdurgdndrsr8erese6644d4,0.60%,13,/,125.5GiB,10.36%,107GB,/,98.9GB,22.6GB,/,364MB,301
2022-09-27 16:52:51,249914e78616,hadoop-slave11.1.c5xdurgdndrsr8erese6644d4,0.62%,13,/,125.5GiB,10.36%,107GB,/,98.9GB,22.6GB,/,364MB,301
2022-9-27 16:52:52,249914e78616,hadoop-slave11.1.c5xdurgdndrsr8erese6644d4,0.64%,13,/,125.5GiB,10.36%,107GB,/,98.9GB,22.6GB,/,364MB,301
2022-09-27 16:52:53,249914e78616,hadoop-slave11.1.c5xdurgdndrsr8erese6644d4,0.65%,13,/,125.5GiB,10.36%,107GB,/,98.9GB,22.6GB,/,364MB,301
2022-9-27 16:52:54,249914e78616,hadoop-slave11.1.c5xdurgdndrsr8erese6644d4,0.65%,13,/,125.5GiB,10.36%,107GB,/,98.9GB,22.6GB,/,364MB,301
2022-09-27 16:52:55,249914e78616,hadoop-slave11.1.c5xdurgdndrsr8erese6644d4,0.66%,13,/,125.5GiB,10.36%,107GB,/,98.9GB,22.6GB,/,364MB,301
2022-9-27 16:52:56,249914e78616,hadoop-slave11.1.c5xdurgdndrsr8erese6644d4,0.66%,13,/,125.5GiB,10.36%,107GB,/,98.9GB,22.6GB,/,364MB,301
2022-09-27 16:52:57,249914e78616,hadoop-slave11.1.c5xdurgdndrsr8erese6644d4,0.67%,13,/,125.5GiB,10.36%,107GB,/,98.9GB,22.6GB,/,364MB,301
2022-09-27 16:52:58,249914e78616,hadoop-slave11.1.c5xdurgdndrsr8erese6644d4,0.67%,13,/,125.5GiB,10.36%,107GB,/,98.9GB,22.6GB,/,364MB,301
2022-9-27 16:52:59,249914e78616,hadoop-slave11.1.c5xdurgdndrsr8erese6644d4,0.67%,13,/,125.5GiB,10.36%,107GB,/,98.9GB,22.6GB,/,364MB,301
2022-09-27 16:53:00,249914e78616,hadoop-slave11.1.c5xdurgdndrsr8erese6644d4,0.69%,13,/,125.5GiB,10.36%,107GB,/,98.9GB,22.6GB,/,364MB,301
2022-9-27 16:53:01,249914e78616,hadoop-slave11.1.c5xdurgdndrsr8erese6644d4,0.71%,13,/,125.5GiB,10.36%,107GB,/,98.9GB,22.6GB,/,364MB,301
2022-09-27 16:53:02,249914e78616,hadoop-slave11.1.c5xdurgdndrsr8erese6644d4,0.66%,13,/,125.5GiB,10.36%,107GB,/,98.9GB,22.6GB,/,364MB,301
2022-9-27 16:53:03,249914e78616,hadoop-slave11.1.c5xdurgdndrsr8erese6644d4,0.61%,13,/,125.5GiB,10.36%,107GB,/,98.9GB,22.6GB,/,364MB,301
2022-09-27 16:53:04,249914e78616,hadoop-slave11.1.c5xdurgdndrsr8erese6644d4,0.65%,13,/,125.5GiB,10.36%,107GB,/,98.9GB,22.6GB,/,364MB,301
2022-9-27 16:53:05,249914e78616,hadoop-slave11.1.c5xdurgdndrsr8erese6644d4,0.68%,13,/,125.5GiB,10.36%,107GB,/,98.9GB,22.6GB,/,364MB,301
2022-09-27 16:53:06,249914e78616,hadoop-slave11.1.c5xdurgdndrsr8erese6644d4,0.68%,13,/,125.5GiB,10.36%,107GB,/,98.9GB,22.6GB,/,364MB,301
2022-9-27 16:53:07,249914e78616,hadoop-slave11.1.c5xdurgdndrsr8erese6644d4,0.68%,13,/,125.5GiB,10.36%,107GB,/,98.9GB,22.6GB,/,364MB,301
2022-09-27 16:53:08,249914e78616,hadoop-slave11.1.c5xdurgdndrsr8erese6644d4,0.63%,13,/,125.5GiB,10.36%,107GB,/,98.9GB,22.6GB,/,364MB,301
2022-9-27 16:53:09,249914e78616,hadoop-slave11.1.c5xdurgdndrsr8erese6644d4,0.58%,13,/,125.5GiB,10.36%,107GB,/,98.9GB,22.6GB,/,364MB,301
2022-09-27 16:53:10,249914e78616,hadoop-slave11.1.c5xdurgdndrsr8erese6644d4,0.64%,13,/,125.5GiB,10.36%,107GB,/,98.9GB,22.6GB,/,364MB,301
2022-9-27 16:53:11,249914e78616,hadoop-slave11.1.c5xdurgdndrsr8erese6644d4,0.69%,13,/,125.5GiB,10.36%,107GB,/,98.9GB,22.6GB,/,364MB,301
2022-09-27 16:53:12,249914e78616,hadoop-slave11.1.c5xdurgdndrsr8erese6644d4,0.67%,13,/,125.5GiB,10.36%,107GB,/,98.9GB,22.6GB,/,364MB,301
2022-9-27 16:53:13,249914e78616,hadoop-slave11.1.c5xdurgdndrsr8erese6644d4,0.65%,13,/,125.5GiB,10.36%,107GB,/,98.9GB,22.6GB,/,364MB,301
2022-09-27 16:53:14,249914e78616,hadoop-slave11.1.c5xdurgdndrsr8erese6644d4,0.68%,13,/,125.5GiB,10.36%,107GB,/,98.9GB,22.6GB,/,364MB,301
2022-9-27 16:53:15,249914e78616,hadoop-slave11.1.c5xdurgdndrsr8erese6644d4,0.71%,13,/,125.5GiB,10.36%,107GB,/,98.9GB,22.6GB,/,364MB,301
2022-09-27 16:53:16,249914e78616,hadoop-slave11.1.c5xdurgdndrsr8erese6644d4,0.69%,13,/,125.5GiB,10.36%,107GB,/,98.9GB,22.6GB,/,364MB,301
2022-9-27 16:53:17,249914e78616,hadoop-slave11.1.c5xdurgdndrsr8erese6644d4,0.66%,13,/,125.5GiB,10.36%,107GB,/,98.9GB,22.6GB,/,364MB,301
2022-09-27 16:53:18,249914e78616,hadoop-slave11.1.c5xdurgdndrsr8erese6644d4,0.67%,13,/,125.5GiB,10.36%,107GB,/,98.9GB,22.6GB,/,364MB,301
2022-9-27 16:53:19,249914e78616,hadoop-slave11.1.c5xdurgdndrsr8erese6644d4,0.67%,13,/,125.5GiB,10.36%,107GB,/,98.9GB,22.6GB,/,364MB,301
2022-09-27 16:53:20,249914e78616,hadoop-slave11.1.c5xdurgdndrsr8erese6644d4,0.7%,13,/,125.5GiB,10.36%,107GB,/,98.9GB,22.6GB,/,364MB,301
2022-9-27 16:53:21,249914e78616,hadoop-slave11.1.c5xdurgdndrsr8erese6644d4,0.72%,13,/,125.5GiB,10.36%,107GB,/,98.9GB,22.6GB,/,364MB,301
2022-09-27 16:53:22,249914e78616,hadoop-slave11.1.c5xdurgdndrsr8erese6644d4,0.71%,13,/,125.5GiB,10.36%,107GB,/,98.9GB,22.6GB,/,364MB,301
2022-9-27 16:53:23,249914e78616,hadoop-slave11.1.c5xdurgdndrsr8erese6644d4,0.71%,13,/,125.5GiB,10.36%,107GB,/,98.9GB,22.6GB,/,364MB,301
2022-09-27 16:53:24,249914e78616,hadoop-slave11.1.c5xdurgdndrsr8erese6644d4,0.73%,13,/,125.5GiB,10.36%,107GB,/,98.9GB,22.6GB,/,364MB,301
2022-9-27 16:53:25,249914e78616,hadoop-slave11.1.c5xdurgdndrsr8erese6644d4,0.75%,13,/,125.5GiB,10.36%,107GB,/,98.9GB,22.6GB,/,364MB,301
2022-09-27 16:53:26,249914e78616,hadoop-slave11.1.c5xdurgdndrsr8erese6644d4,0.71%,13,/,125.5GiB,10.36%,107GB,/,98.9GB,22.6GB,/,364MB,301
2022-9-27 16:53:27,249914e78616,hadoop-slave11.1.c5xdurgdndrsr8erese6644d4,0.66%,13,/,125.5GiB,10.36%,107GB,/,98.9GB,22.6GB,/,364MB,301
2022-09-27 16:53:28,249914e78616,hadoop-slave11.1.c5xdurgdndrsr8erese6644d4,0.69%,13,/,125.5GiB,10.36%,107GB,/,98.9GB,22.6GB,/,364MB,301
2022-9-27 16:53:29,249914e78616,hadoop-slave11.1.c5xdurgdndrsr8erese6644d4,0.72%,13,/,125.5GiB,10.36%,107GB,/,98.9GB,22.6GB,/,364MB,301
2022-09-27 16:53:30,249914e78616,hadoop-slave11.1.c5xdurgdndrsr8erese6644d4,0.73%,13,/,125.5GiB,10.36%,107GB,/,98.9GB,22.6GB,/,364MB,301
2022-9-27 16:53:31,249914e78616,hadoop-slave11.1.c5xdurgdndrsr8erese6644d4,0.74%,13,/,125.5GiB,10.36%,107GB,/,98.9GB,22.6GB,/,364MB,301
2022-09-27 16:53:32,249914e78616,hadoop-slave11.1.c5xdurgdndrsr8erese6644d4,0.83%,13,/,125.5GiB,10.36%,107GB,/,98.9GB,22.6GB,/,364MB,301
2022-9-27 16:53:33,249914e78616,hadoop-slave11.1.c5xdurgdndrsr8erese6644d4,0.92%,13,/,125.5GiB,10.36%,107GB,/,98.9GB,22.6GB,/,364MB,301
2022-09-27 16:53:34,249914e78616,hadoop-slave11.1.c5xdurgdndrsr8erese6644d4,0.93%,13,/,125.5GiB,10.36%,107GB,/,98.9GB,22.6GB,/,364MB,301
2022-9-27 16:53:35,249914e78616,hadoop-slave11.1.c5xdurgdndrsr8erese6644d4,0.93%,13,/,125.5GiB,10.36%,107GB,/,98.9GB,22.6GB,/,364MB,301
2022-09-27 16:53:36,249914e78616,hadoop-slave11.1.c5xdurgdndrsr8erese6644d4,0.91%,13,/,125.5GiB,10.36%,107GB,/,98.9GB,22.6GB,/,364MB,301
2022-9-27 16:53:37,249914e78616,hadoop-slave11.1.c5xdurgdndrsr8erese6644d4,0.89%,13,/,125.5GiB,10.36%,107GB,/,98.9GB,22.6GB,/,364MB,301
2022-09-27 16:53:38,249914e78616,hadoop-slave11.1.c5xdurgdndrsr8erese6644d4,0.83%,13,/,125.5GiB,10.36%,107GB,/,98.9GB,22.6GB,/,364MB,301
2022-9-27 16:53:39,249914e78616,hadoop-slave11.1.c5xdurgdndrsr8erese6644d4,0.77%,13,/,125.5GiB,10.36%,107GB,/,98.9GB,22.6GB,/,364MB,301
2022-09-27 16:53:40,249914e78616,hadoop-slave11.1.c5xdurgdndrsr8erese6644d4,0.77%,13,/,125.5GiB,10.36%,107GB,/,98.9GB,22.6GB,/,364MB,301
2022-9-27 16:53:41,249914e78616,hadoop-slave11.1.c5xdurgdndrsr8erese6644d4,0.76%,13,/,125.5GiB,10.36%,107GB,/,98.9GB,22.6GB,/,364MB,301
2022-09-27 16:53:42,249914e78616,hadoop-slave11.1.c5xdurgdndrsr8erese6644d4,1.1%,13,/,125.5GiB,10.36%,107GB,/,98.9GB,22.6GB,/,364MB,301
2022-9-27 16:53:43,249914e78616,hadoop-slave11.1.c5xdurgdndrsr8erese6644d4,1.45%,13,/,125.5GiB,10.36%,107GB,/,98.9GB,22.6GB,/,364MB,301
2022-09-27 16:53:44,249914e78616,hadoop-slave11.1.c5xdurgdndrsr8erese6644d4,1.01%,13,/,125.5GiB,10.36%,107GB,/,98.9GB,22.6GB,/,364MB,301
2022-9-27 16:53:45,249914e78616,hadoop-slave11.1.c5xdurgdndrsr8erese6644d4,0.57%,13,/,125.5GiB,10.36%,107GB,/,98.9GB,22.6GB,/,364MB,301
2022-09-27 16:53:46,249914e78616,hadoop-slave11.1.c5xdurgdndrsr8erese6644d4,0.57%,13,/,125.5GiB,10.36%,107GB,/,98.9GB,22.6GB,/,364MB,301
2022-9-27 16:53:47,249914e78616,hadoop-slave11.1.c5xdurgdndrsr8erese6644d4,0.58%,13,/,125.5GiB,10.36%,107GB,/,98.9GB,22.6GB,/,364MB,301
2022-09-27 16:53:48,249914e78616,hadoop-slave11.1.c5xdurgdndrsr8erese6644d4,0.65%,13,/,125.5GiB,10.36%,107GB,/,98.9GB,22.6GB,/,364MB,301
2022-9-27 16:53:49,249914e78616,hadoop-slave11.1.c5xdurgdndrsr8erese6644d4,0.71%,13,/,125.5GiB,10.36%,107GB,/,98.9GB,22.6GB,/,364MB,301
2022-09-27 16:53:50,249914e78616,hadoop-slave11.1.c5xdurgdndrsr8erese6644d4,0.82%,13,/,125.5GiB,10.36%,107GB,/,98.9GB,22.6GB,/,364MB,301
2022-9-27 16:53:51,249914e78616,hadoop-slave11.1.c5xdurgdndrsr8erese6644d4,0.94%,13,/,125.5GiB,10.36%,107GB,/,98.9GB,22.6GB,/,364MB,301
2022-09-27 16:53:52,249914e78616,hadoop-slave11.1.c5xdurgdndrsr8erese6644d4,0.81%,13,/,125.5GiB,10.36%,107GB,/,98.9GB,22.6GB,/,364MB,301
2022-9-27 16:53:53,249914e78616,hadoop-slave11.1.c5xdurgdndrsr8erese6644d4,0.68%,13,/,125.5GiB,10.36%,107GB,/,98.9GB,22.6GB,/,364MB,301
2022-09-27 16:53:54,249914e78616,hadoop-slave11.1.c5xdurgdndrsr8erese6644d4,0.73%,13,/,125.5GiB,10.36%,107GB,/,98.9GB,22.6GB,/,364MB,301
2022-9-27 16:53:55,249914e78616,hadoop-slave11.1.c5xdurgdndrsr8erese6644d4,0.78%,13,/,125.5GiB,10.36%,107GB,/,98.9GB,22.6GB,/,364MB,301
2022-09-27 16:53:56,249914e78616,hadoop-slave11.1.c5xdurgdndrsr8erese6644d4,0.77%,13,/,125.5GiB,10.36%,107GB,/,98.9GB,22.6GB,/,364MB,301
2022-9-27 16:53:57,249914e78616,hadoop-slave11.1.c5xdurgdndrsr8erese6644d4,0.76%,13,/,125.5GiB,10.36%,107GB,/,98.9GB,22.6GB,/,364MB,301
2022-09-27 16:53:58,249914e78616,hadoop-slave11.1.c5xdurgdndrsr8erese6644d4,0.79%,13,/,125.5GiB,10.36%,107GB,/,98.9GB,22.6GB,/,364MB,301
2022-9-27 16:53:59,249914e78616,hadoop-slave11.1.c5xdurgdndrsr8erese6644d4,0.83%,13,/,125.5GiB,10.36%,107GB,/,98.9GB,22.6GB,/,364MB,301
2022-09-27 16:54:00,249914e78616,hadoop-slave11.1.c5xdurgdndrsr8erese6644d4,0.96%,13,/,125.5GiB,10.36%,107GB,/,98.9GB,22.6GB,/,364MB,301
2022-9-27 16:54:01,249914e78616,hadoop-slave11.1.c5xdurgdndrsr8erese6644d4,1.08%,13,/,125.5GiB,10.36%,107GB,/,98.9GB,22.6GB,/,364MB,301
2022-09-27 16:54:02,249914e78616,hadoop-slave11.1.c5xdurgdndrsr8erese6644d4,0.99%,13,/,125.5GiB,10.36%,107GB,/,98.9GB,22.6GB,/,364MB,301
2022-9-27 16:54:03,249914e78616,hadoop-slave11.1.c5xdurgdndrsr8erese6644d4,0.89%,13,/,125.5GiB,10.36%,107GB,/,98.9GB,22.6GB,/,364MB,301
2022-09-27 16:54:04,249914e78616,hadoop-slave11.1.c5xdurgdndrsr8erese6644d4,0.9%,13,/,125.5GiB,10.36%,107GB,/,98.9GB,22.6GB,/,364MB,301
2022-9-27 16:54:05,249914e78616,hadoop-slave11.1.c5xdurgdndrsr8erese6644d4,0.90%,13,/,125.5GiB,10.36%,107GB,/,98.9GB,22.6GB,/,364MB,301
2022-09-27 16:54:06,249914e78616,hadoop-slave11.1.c5xdurgdndrsr8erese6644d4,0.92%,13,/,125.5GiB,10.36%,107GB,/,98.9GB,22.6GB,/,364MB,301
2022-9-27 16:54:07,249914e78616,hadoop-slave11.1.c5xdurgdndrsr8erese6644d4,0.93%,13,/,125.5GiB,10.36%,107GB,/,98.9GB,22.6GB,/,364MB,301
2022-09-27 16:54:08,249914e78616,hadoop-slave11.1.c5xdurgdndrsr8erese6644d4,0.88%,13,/,125.5GiB,10.36%,107GB,/,98.9GB,22.6GB,/,364MB,301
2022-9-27 16:54:09,249914e78616,hadoop-slave11.1.c5xdurgdndrsr8erese6644d4,0.83%,13,/,125.5GiB,10.36%,107GB,/,98.9GB,22.6GB,/,364MB,301
2022-09-27 16:54:10,249914e78616,hadoop-slave11.1.c5xdurgdndrsr8erese6644d4,0.83%,13,/,125.5GiB,10.36%,107GB,/,98.9GB,22.6GB,/,364MB,301
2022-9-27 16:54:11,249914e78616,hadoop-slave11.1.c5xdurgdndrsr8erese6644d4,0.83%,13,/,125.5GiB,10.36%,107GB,/,98.9GB,22.6GB,/,364MB,301
2022-09-27 16:54:12,249914e78616,hadoop-slave11.1.c5xdurgdndrsr8erese6644d4,0.96%,13,/,125.5GiB,10.36%,107GB,/,98.9GB,22.6GB,/,364MB,301
2022-9-27 16:54:13,249914e78616,hadoop-slave11.1.c5xdurgdndrsr8erese6644d4,1.08%,13,/,125.5GiB,10.36%,107GB,/,98.9GB,22.6GB,/,364MB,301
2022-09-27 16:54:14,249914e78616,hadoop-slave11.1.c5xdurgdndrsr8erese6644d4,1.19%,13,/,125.5GiB,10.36%,107GB,/,98.9GB,22.6GB,/,364MB,301
2022-9-27 16:54:15,249914e78616,hadoop-slave11.1.c5xdurgdndrsr8erese6644d4,1.30%,13,/,125.5GiB,10.36%,107GB,/,98.9GB,22.6GB,/,364MB,301
2022-09-27 16:54:16,249914e78616,hadoop-slave11.1.c5xdurgdndrsr8erese6644d4,1.02%,13,/,125.5GiB,10.36%,107GB,/,98.9GB,22.6GB,/,364MB,301
2022-09-27 16:54:17,249914e78616,hadoop-slave11.1.c5xdurgdndrsr8erese6644d4,1.02%,13,/,125.5GiB,10.36%,107GB,/,98.9GB,22.6GB,/,364MB,301
2022-9-27 16:54:18,249914e78616,hadoop-slave11.1.c5xdurgdndrsr8erese6644d4,0.74%,13,/,125.5GiB,10.36%,107GB,/,98.9GB,22.6GB,/,364MB,301
2022-09-27 16:54:19,249914e78616,hadoop-slave11.1.c5xdurgdndrsr8erese6644d4,0.85%,13,/,125.5GiB,10.36%,107GB,/,98.9GB,22.6GB,/,364MB,301
2022-9-27 16:54:20,249914e78616,hadoop-slave11.1.c5xdurgdndrsr8erese6644d4,0.96%,13,/,125.5GiB,10.36%,107GB,/,98.9GB,22.6GB,/,364MB,301
2022-09-27 16:54:21,249914e78616,hadoop-slave11.1.c5xdurgdndrsr8erese6644d4,0.94%,13,/,125.5GiB,10.36%,107GB,/,98.9GB,22.6GB,/,364MB,301
2022-9-27 16:54:22,249914e78616,hadoop-slave11.1.c5xdurgdndrsr8erese6644d4,0.92%,13,/,125.5GiB,10.36%,107GB,/,98.9GB,22.6GB,/,364MB,301
2022-09-27 16:54:23,249914e78616,hadoop-slave11.1.c5xdurgdndrsr8erese6644d4,0.9%,13,/,125.5GiB,10.36%,107GB,/,98.9GB,22.6GB,/,364MB,301
2022-9-27 16:54:24,249914e78616,hadoop-slave11.1.c5xdurgdndrsr8erese6644d4,0.88%,13,/,125.5GiB,10.36%,107GB,/,98.9GB,22.6GB,/,364MB,301
2022-09-27 16:54:25,249914e78616,hadoop-slave11.1.c5xdurgdndrsr8erese6644d4,1.17%,13,/,125.5GiB,10.36%,107GB,/,98.9GB,22.6GB,/,364MB,301
2022-9-27 16:54:26,249914e78616,hadoop-slave11.1.c5xdurgdndrsr8erese6644d4,1.46%,13,/,125.5GiB,10.36%,107GB,/,98.9GB,22.6GB,/,364MB,301
2022-09-27 16:54:27,249914e78616,hadoop-slave11.1.c5xdurgdndrsr8erese6644d4,1.11%,13,/,125.5GiB,10.36%,107GB,/,98.9GB,22.6GB,/,364MB,301
